https://tynehamvillage.org/sitemap/*,https://tynehamvillage.org/sitemap.html,301
https://tynehamvillage.org/contact-tynehamvillage-org/*,https://tynehamvillage.org/contact.html,301
https://tynehamvillage.org/privacy-policy/*,https://tynehamvillage.org/privacy.html,301
https://tynehamvillage.org/where-is-tyneham-village/*,https://tynehamvillage.org/tyneham_village_location.html,301
https://tynehamvillage.org/tyneham-opening-times/*,https://tynehamvillage.org/opening_times.html,301
https://tynehamvillage.org/the-post-office/*,https://tynehamvillage.org/the_post_office.html,301
https://tynehamvillage.org/tyneham-dvd/*,https://tynehamvillage.org/tyneham-remembered.html,301
https://tynehamvillage.org/the-bond-family/*,https://tynehamvillage.org/the_bond_family.html,301
https://tynehamvillage.org/a-brief-history-of-tyneham/*,https://tynehamvillage.org/history_of_tyneham.html,301
https://tynehamvillage.org/map-of-tyneham-village/*,https://tynehamvillage.org/map_of_tyneham.html,301
https://tynehamvillage.org/tyneham-school/*,https://tynehamvillage.org/tyneham-school.html,301
https://tynehamvillage.org/tyneham-church/*,https://tynehamvillage.org/tyneham-church.html,301
https://tynehamvillage.org/tyneham-hous/*,https://tynehamvillage.org/tyneham-house.html,301
https://tynehamvillage.org/flowers-barrow-a-timeless-beacon-of-dorsets-history/*,https://tynehamvillage.org/flowers-barrow.html,301
https://tynehamvillage.org/can-you-camp-at-tyneham/*,https://tynehamvillage.org/camp-at-tyneham.html,301

